2025-01-02_16-16-35,000%,shell.cpp:2025-01-02_16-16-35
2025-01-02_16-24-10,COMP,shell.cpp:2025-01-02_16-24-10
2025-01-02_16-25-19,COMP,shell.cpp:2025-01-02_16-24-10
2025-01-02_16-25-22,COMP,shell.cpp:2025-01-02_16-25-22
2025-01-02_16-25-29,COMP,shell.cpp:2025-01-02_16-25-29
2025-01-02_16-25-36,COMP,shell.cpp:2025-01-02_16-25-29
2025-01-02_16-25-43,000%,shell.cpp:2025-01-02_16-25-43
2025-01-02_16-27-26,000%,shell.cpp:2025-01-02_16-25-43
2025-01-02_16-28-01,COMP,shell.cpp:2025-01-02_16-28-01
2025-01-02_16-28-14,000%,shell.cpp:2025-01-02_16-28-14
2025-01-02_16-28-33,000%,shell.cpp:2025-01-02_16-28-33
2025-01-02_16-28-53,000%,shell.cpp:2025-01-02_16-28-53
2025-01-02_16-29-11,000%,shell.cpp:2025-01-02_16-29-11
2025-01-02_16-29-42,COMP,shell.cpp:2025-01-02_16-29-42
2025-01-02_16-29-57,000%,shell.cpp:2025-01-02_16-29-57
2025-01-02_16-30-09,100%,shell.cpp:2025-01-02_16-30-09
2025-01-02_16-31-24,100%,shell.cpp:2025-01-02_16-30-09
