2024-11-26_10-00-08,000%,shell.cpp:2024-11-26_10-00-08
2024-11-26_10-02-17,COMP,shell.cpp:2024-11-26_10-00-08
2024-11-26_10-02-30,COMP,shell.cpp:2024-11-26_10-00-08
2024-11-26_10-03-07,COMP,shell.cpp:2024-11-26_10-00-08
2024-11-26_10-03-41,100%,shell.cpp:2024-11-26_10-00-08
2024-11-26_10-07-30,100%,shell.cpp:2024-11-26_10-00-08
2024-11-26_10-09-23,000%,shell.cpp:2024-11-26_10-00-08
2024-11-26_10-09-39,000%,shell.cpp:2024-11-26_10-00-08
2024-11-26_10-10-02,460%,shell.cpp:2024-11-26_10-00-08
2024-11-26_10-11-04,100%,shell.cpp:2024-11-26_10-00-08
2024-11-26_10-11-30,100%,shell.cpp:2024-11-26_10-00-08
2024-11-26_10-14-33,100%,shell.cpp:2024-11-26_10-00-08
2024-11-26_10-15-01,100%,shell.cpp:2024-11-26_10-00-08
2024-11-26_10-15-02,100%,shell.cpp:2024-11-26_10-00-08
2024-12-13_14-37-50,100%,shell.cpp:2024-11-26_10-00-08
2024-12-13_14-37-52,100%,shell.cpp:2024-11-26_10-00-08
2024-12-13_14-37-55,100%,shell.cpp:2024-11-26_10-00-08
