2024-11-26_10-42-36,COMP,shell.cpp:2024-11-26_10-42-36
2024-11-26_10-43-36,100%,shell.cpp:2024-11-26_10-42-36
2024-11-28_08-33-36,100%,shell.cpp:2024-11-26_10-42-36
2024-11-28_08-36-30,100%,shell.cpp:2024-11-26_10-42-36
2024-12-06_09-43-36,100%,shell.cpp:2024-11-26_10-42-36
2024-12-06_09-43-37,100%,shell.cpp:2024-11-26_10-42-36
2024-12-13_14-38-19,100%,shell.cpp:2024-11-26_10-42-36
2024-12-13_14-38-21,100%,shell.cpp:2024-11-26_10-42-36
2025-01-02_16-15-26,100%,shell.cpp:2024-11-26_10-42-36
2025-01-03_18-14-01,100%,shell.cpp:2024-11-26_10-42-36
2025-01-10_00-08-56,100%,shell.cpp:2024-11-26_10-42-36
2025-01-10_00-08-57,100%,shell.cpp:2024-11-26_10-42-36
