2024-12-06_09-43-57,000%,shell.cpp:2024-12-06_09-43-57
2024-12-06_09-43-59,000%,shell.cpp:2024-12-06_09-43-57
2025-01-19_17-16-39,000%,shell.cpp:2024-12-06_09-43-57
2025-01-19_17-56-24,000%,shell.cpp:2024-12-06_09-43-57
2025-01-19_18-39-38,000%,shell.cpp:2024-12-06_09-43-57
2025-01-19_18-49-38,COMP,shell.cpp:2024-12-06_09-43-57
2025-01-19_18-50-10,COMP,shell.cpp:2024-12-06_09-43-57
2025-01-19_18-50-57,COMP,shell.cpp:2024-12-06_09-43-57
2025-01-19_18-51-02,COMP,shell.cpp:2024-12-06_09-43-57
2025-01-19_18-52-36,COMP,shell.cpp:2024-12-06_09-43-57
2025-01-19_18-53-30,COMP,shell.cpp:2024-12-06_09-43-57
2025-01-19_18-58-02,COMP,shell.cpp:2024-12-06_09-43-57
2025-01-19_19-00-27,COMP,shell.cpp:2024-12-06_09-43-57
2025-01-19_19-00-57,COMP,shell.cpp:2024-12-06_09-43-57
2025-01-19_19-01-10,COMP,shell.cpp:2024-12-06_09-43-57
2025-01-19_19-01-30,COMP,shell.cpp:2024-12-06_09-43-57
2025-01-19_19-02-13,COMP,shell.cpp:2024-12-06_09-43-57
2025-01-19_19-02-46,COMP,shell.cpp:2024-12-06_09-43-57
2025-01-19_19-03-41,COMP,shell.cpp:2024-12-06_09-43-57
2025-01-19_19-04-15,COMP,shell.cpp:2024-12-06_09-43-57
2025-01-19_19-04-22,COMP,shell.cpp:2024-12-06_09-43-57
2025-01-19_19-04-46,COMP,shell.cpp:2024-12-06_09-43-57
2025-01-19_19-05-47,COMP,shell.cpp:2024-12-06_09-43-57
2025-01-19_19-05-55,COMP,shell.cpp:2024-12-06_09-43-57
2025-01-19_19-06-31,COMP,shell.cpp:2024-12-06_09-43-57
2025-01-19_19-07-11,COMP,shell.cpp:2024-12-06_09-43-57
2025-01-19_19-08-07,000%,shell.cpp:2024-12-06_09-43-57
2025-01-19_19-11-35,COMP,shell.cpp:2024-12-06_09-43-57
2025-01-19_19-14-20,000%,shell.cpp:2024-12-06_09-43-57
2025-01-19_19-15-42,000%,shell.cpp:2024-12-06_09-43-57
2025-01-19_19-17-34,000%,shell.cpp:2024-12-06_09-43-57
2025-01-19_19-18-04,010%,shell.cpp:2024-12-06_09-43-57
2025-01-19_19-25-05,COMP,shell.cpp:2024-12-06_09-43-57
2025-01-19_19-25-26,COMP,shell.cpp:2024-12-06_09-43-57
2025-01-19_19-25-38,010%,shell.cpp:2024-12-06_09-43-57
2025-01-19_19-26-27,010%,shell.cpp:2024-12-06_09-43-57
2025-01-19_19-28-11,010%,shell.cpp:2024-12-06_09-43-57
2025-01-19_19-28-29,010%,shell.cpp:2024-12-06_09-43-57
2025-01-19_19-29-40,020%,shell.cpp:2024-12-06_09-43-57
2025-01-19_19-31-30,020%,shell.cpp:2024-12-06_09-43-57
2025-01-19_19-33-13,030%,shell.cpp:2024-12-06_09-43-57
2025-01-19_19-36-45,030%,shell.cpp:2024-12-06_09-43-57
2025-01-19_19-39-12,030%,shell.cpp:2024-12-06_09-43-57
2025-01-19_19-39-52,060%,shell.cpp:2024-12-06_09-43-57
2025-01-19_19-46-24,080%,shell.cpp:2024-12-06_09-43-57
2025-01-19_19-47-41,100%,shell.cpp:2024-12-06_09-43-57
2025-01-19_19-48-25,100%,shell.cpp:2024-12-06_09-43-57
