2025-01-15_23-21-21,000%,shell.cpp:2025-01-15_23-21-21
2025-01-15_23-25-33,000%,shell.cpp:2025-01-15_23-21-21
2025-01-15_23-49-17,000%,shell.cpp:2025-01-15_23-49-17
2025-01-15_23-49-53,000%,shell.cpp:2025-01-15_23-49-53
2025-01-15_23-51-03,000%,shell.cpp:2025-01-15_23-49-53
2025-01-15_23-54-22,000%,shell.cpp:2025-01-15_23-54-22
2025-01-15_23-55-04,000%,shell.cpp:2025-01-15_23-55-04
2025-01-15_23-55-26,000%,shell.cpp:2025-01-15_23-55-26
2025-01-15_23-55-45,025%,shell.cpp:2025-01-15_23-55-45
2025-01-15_23-56-46,025%,shell.cpp:2025-01-15_23-56-46
2025-01-16_00-23-02,050%,shell.cpp:2025-01-16_00-23-02
2025-01-16_00-25-00,050%,shell.cpp:2025-01-16_00-23-02
2025-01-16_00-27-54,050%,shell.cpp:2025-01-16_00-27-54
2025-01-16_00-28-44,050%,shell.cpp:2025-01-16_00-28-44
2025-01-16_00-32-04,062%,shell.cpp:2025-01-16_00-32-04
2025-01-16_00-32-30,075%,shell.cpp:2025-01-16_00-32-30
2025-01-16_00-51-42,075%,shell.cpp:2025-01-16_00-51-42
2025-01-16_00-52-20,075%,shell.cpp:2025-01-16_00-52-20
2025-01-16_00-53-38,075%,shell.cpp:2025-01-16_00-53-38
2025-01-16_00-55-58,COMP,shell.cpp:2025-01-16_00-55-58
2025-01-16_00-56-19,COMP,shell.cpp:2025-01-16_00-56-19
2025-01-16_01-00-11,COMP,shell.cpp:2025-01-16_01-00-11
2025-01-16_01-00-32,COMP,shell.cpp:2025-01-16_01-00-11
2025-01-16_01-01-05,COMP,shell.cpp:2025-01-16_01-00-11
2025-01-16_01-03-59,075%,shell.cpp:2025-01-16_01-03-59
2025-01-16_01-04-19,075%,shell.cpp:2025-01-16_01-03-59
2025-01-16_01-06-50,075%,shell.cpp:2025-01-16_01-06-50
2025-01-16_01-07-17,075%,shell.cpp:2025-01-16_01-07-17
2025-01-16_01-07-33,075%,shell.cpp:2025-01-16_01-07-33
2025-01-16_01-07-48,075%,shell.cpp:2025-01-16_01-07-48
2025-01-16_01-09-58,075%,shell.cpp:2025-01-16_01-09-58
2025-01-16_01-14-11,COMP,shell.cpp:2025-01-16_01-14-11
2025-01-16_01-14-48,075%,shell.cpp:2025-01-16_01-14-48
2025-01-16_01-15-46,075%,shell.cpp:2025-01-16_01-15-46
2025-01-16_01-18-03,COMP,shell.cpp:2025-01-16_01-18-03
2025-01-16_01-18-11,075%,shell.cpp:2025-01-16_01-18-11
2025-01-16_01-18-44,COMP,shell.cpp:2025-01-16_01-18-44
2025-01-16_01-18-55,087%,shell.cpp:2025-01-16_01-18-55
2025-01-16_01-21-15,087%,shell.cpp:2025-01-16_01-21-15
2025-01-16_01-21-37,087%,shell.cpp:2025-01-16_01-21-37
2025-01-16_01-22-08,100%,shell.cpp:2025-01-16_01-22-08
2025-01-16_01-24-05,100%,shell.cpp:2025-01-16_01-22-08
2025-01-16_01-25-16,100%,shell.cpp:2025-01-16_01-25-16
