2024-11-01_13-25-25,COMP,2024-11-01_13-25-25:shell.cpp.log
2024-11-01_13-31-28,COMP,2024-11-01_13-25-25:shell.cpp.log
2024-11-01_13-34-16,000%,2024-11-01_13-25-25:shell.cpp.log
2024-11-01_13-37-07,COMP,2024-11-01_13-25-25:shell.cpp.log
2024-11-01_13-38-17,COMP,2024-11-01_13-25-25:shell.cpp.log
2024-11-01_13-38-41,COMP,2024-11-01_13-25-25:shell.cpp.log
2024-11-01_13-39-21,250%,2024-11-01_13-25-25:shell.cpp.log
2024-11-01_13-41-27,250%,2024-11-01_13-25-25:shell.cpp.log
2024-11-01_13-41-45,250%,2024-11-01_13-25-25:shell.cpp.log
2024-11-01_13-42-03,250%,2024-11-01_13-25-25:shell.cpp.log
2024-11-01_13-42-32,250%,2024-11-01_13-25-25:shell.cpp.log
2024-11-01_13-44-37,500%,2024-11-01_13-25-25:shell.cpp.log
2024-11-01_13-45-00,100%,2024-11-01_13-25-25:shell.cpp.log
2024-11-01_13-49-53,100%,2024-11-01_13-25-25:shell.cpp.log
2024-11-05_19-21-38,100%,2024-11-01_13-25-25:shell.cpp.log
2024-11-07_04-15-47,100%,shell.cpp:2024-11-07_04-15-47
2024-12-13_14-36-42,100%,shell.cpp:2024-11-07_04-15-47
2024-12-13_14-36-43,100%,shell.cpp:2024-11-07_04-15-47
2025-01-02_16-15-03,100%,shell.cpp:2024-11-07_04-15-47
2025-01-02_16-15-05,100%,shell.cpp:2024-11-07_04-15-47
2025-01-21_21-40-59,100%,shell.cpp:2024-11-07_04-15-47
2025-01-21_21-44-13,100%,shell.cpp:2024-11-07_04-15-47
2025-01-21_21-44-17,FREE,shell.cpp:2024-11-07_04-15-47
2025-01-21_21-46-03,025%,shell.cpp:2024-11-07_04-15-47
2025-01-21_21-46-48,025%,shell.cpp:2024-11-07_04-15-47
2025-01-21_21-47-16,100%,shell.cpp:2024-11-07_04-15-47
2025-01-21_21-47-46,100%,shell.cpp:2024-11-07_04-15-47
