2025-01-03_18-14-28,000%,shell.cpp:2025-01-03_18-14-28
2025-01-09_22-13-59,000%,shell.cpp:2025-01-03_18-14-28
2025-01-09_22-14-53,000%,shell.cpp:2025-01-03_18-14-28
2025-01-09_23-13-40,COMP,shell.cpp:2025-01-03_18-14-28
2025-01-09_23-15-28,COMP,shell.cpp:2025-01-03_18-14-28
2025-01-09_23-17-03,COMP,shell.cpp:2025-01-03_18-14-28
2025-01-09_23-22-16,COMP,shell.cpp:2025-01-03_18-14-28
2025-01-09_23-23-28,COMP,shell.cpp:2025-01-03_18-14-28
2025-01-09_23-24-02,COMP,shell.cpp:2025-01-03_18-14-28
2025-01-09_23-24-38,COMP,shell.cpp:2025-01-03_18-14-28
2025-01-09_23-26-00,COMP,shell.cpp:2025-01-03_18-14-28
2025-01-09_23-26-54,COMP,shell.cpp:2025-01-03_18-14-28
2025-01-09_23-27-24,COMP,shell.cpp:2025-01-03_18-14-28
2025-01-09_23-28-30,COMP,shell.cpp:2025-01-03_18-14-28
2025-01-09_23-29-11,COMP,shell.cpp:2025-01-03_18-14-28
2025-01-09_23-30-05,COMP,shell.cpp:2025-01-03_18-14-28
2025-01-09_23-30-39,COMP,shell.cpp:2025-01-03_18-14-28
2025-01-09_23-31-47,COMP,shell.cpp:2025-01-03_18-14-28
2025-01-09_23-32-24,COMP,shell.cpp:2025-01-03_18-14-28
2025-01-09_23-32-52,COMP,shell.cpp:2025-01-03_18-14-28
2025-01-09_23-33-41,COMP,shell.cpp:2025-01-03_18-14-28
2025-01-09_23-34-56,000%,shell.cpp:2025-01-03_18-14-28
2025-01-09_23-35-33,000%,shell.cpp:2025-01-03_18-14-28
2025-01-09_23-35-58,000%,shell.cpp:2025-01-03_18-14-28
2025-01-09_23-36-09,000%,shell.cpp:2025-01-03_18-14-28
2025-01-09_23-36-43,000%,shell.cpp:2025-01-03_18-14-28
2025-01-09_23-37-34,000%,shell.cpp:2025-01-03_18-14-28
2025-01-09_23-37-48,000%,shell.cpp:2025-01-03_18-14-28
2025-01-09_23-38-03,000%,shell.cpp:2025-01-03_18-14-28
2025-01-09_23-38-20,010%,shell.cpp:2025-01-03_18-14-28
2025-01-09_23-41-30,010%,shell.cpp:2025-01-03_18-14-28
2025-01-09_23-41-59,010%,shell.cpp:2025-01-03_18-14-28
2025-01-09_23-42-28,030%,shell.cpp:2025-01-03_18-14-28
2025-01-09_23-42-46,030%,shell.cpp:2025-01-03_18-14-28
2025-01-09_23-42-55,040%,shell.cpp:2025-01-03_18-14-28
2025-01-09_23-43-16,060%,shell.cpp:2025-01-03_18-14-28
2025-01-09_23-43-40,060%,shell.cpp:2025-01-03_18-14-28
2025-01-09_23-44-51,070%,shell.cpp:2025-01-03_18-14-28
2025-01-10_00-02-17,090%,shell.cpp:2025-01-03_18-14-28
2025-01-10_00-06-30,100%,shell.cpp:2025-01-03_18-14-28
2025-01-10_00-06-42,100%,shell.cpp:2025-01-03_18-14-28
